<rdf:RDF
    xmlns:rdf="http://www.w3.org/1999/02/22-rdf-syntax-ns#"
    xmlns:admin="http://webns.net/mvcb/"
    xmlns:vcard="http://www.w3.org/2001/vcard-rdf/3.0#"
    xmlns:rdfs="http://www.w3.org/2000/01/rdf-schema#"
    xmlns:foaf="http://xmlns.com/foaf/0.1/">
  <rdf:Description rdf:about="http://utdallas/semclass#KevinLates">
    <vcard:FN>Kevin L. Ates</vcard:FN>
    <vcard:TITLE>Part Time Lecturer</vcard:TITLE>
    <vcard:BDAY>April 1,1901</vcard:BDAY>
    <vcard:EMAIL>atescomp@utdallas.edu</vcard:EMAIL>
  </rdf:Description>
  <foaf:PersonalProfileDocument rdf:about="http://utdallas/semclass/edu">
    <foaf:maker>
      <foaf:Person rdf:about="http://utdallas/semclass/edu#me">
        <foaf:name>Nitesh Srivatsav</foaf:name>
        <foaf:title>Mr</foaf:title>
        <foaf:givenname>Nitesh</foaf:givenname>
        <foaf:family_name>Srivatsav</foaf:family_name>
        <foaf:nick>Nits</foaf:nick>
        <foaf:mbox_sha1sum>ad1ae99872cd317eca51c8d6604aae104c6a125c</foaf:mbox_sha1sum>
        <foaf:homepage rdf:resource="http://utdallas/semclass/abc.jpg"/>
        <foaf:depiction rdf:resource="http://utdallas/semclass/abc"/>
        <foaf:phone rdf:resource="tel:123456789"/>
        <foaf:workplaceHomepage rdf:resource="http://utdallas/semclass/UTD"/>
        <foaf:workInfoHomepage rdf:resource="http://utdallas/semclass/UTD"/>
        <foaf:schoolHomepage rdf:resource="http://utdallas/semclass/UTD"/>
        <foaf:knows>
          <foaf:Person>
            <foaf:name>Messi</foaf:name>
            <foaf:mbox_sha1sum>273ff72e23f1dad1a746cc74ed70d2c4ad56df39</foaf:mbox_sha1sum>
          </foaf:Person>
        </foaf:knows>
        <foaf:knows>
          <foaf:Person>
            <foaf:name>Ronaldo</foaf:name>
            <foaf:mbox_sha1sum>7a92c0db82b40665443c922d02e33e81509311ab</foaf:mbox_sha1sum>
          </foaf:Person>
        </foaf:knows>
        <foaf:knows>
          <foaf:Person>
            <foaf:name>Kevin</foaf:name>
            <foaf:mbox_sha1sum>7b91d6ccae0fefae70598e04826ab4a0f34af1d9</foaf:mbox_sha1sum>
          </foaf:Person>
        </foaf:knows>
      </foaf:Person>
    </foaf:maker>
    <foaf:primaryTopic rdf:resource="http://utdallas/semclass/edu#me"/>
    <admin:generatorAgent rdf:resource="http://www.ldodds.com/foaf/foaf-a-matic"/>
    <admin:errorReportsTo rdf:resource="mailto:leigh@ldodds.com"/>
  </foaf:PersonalProfileDocument>
</rdf:RDF>
